"countryCode","countryDesc","holidayDate","holidayName"
"TH","Thailand","'2023-10-01","Oct"
"US","Unite States","'2024-10-01","Oct"
"US","Unite States","'2024-08-01","Aug"
"US","Unite States","'2023-10-01","Oct"
"TH","Thailand","'2023-05-01","May"
"TH","Thailand","'2023-08-01","Aug"
"TH","Thailand","'2023-06-01","Jun"
"TH","Thailand","'2023-07-01","July"
"TH","Thailand","'2024-10-01","Oct"
"US","Unite States","'2024-07-01","July"
"US","Unite States","'2023-02-01","FEB"
"US","Unite States","'2023-04-01","April"
"TH","Thailand","'2023-02-01","FEB111"
"US","Unite States","'2023-03-01","March"
"US","Unite States","'2023-05-01","May"
"US","Unite States","'2023-06-01","Jun"
"TH","Thailand","'2023-04-01","April"
"US","Unite States","'2023-07-01","July"
"TH","Thailand","'2023-03-01","March111"
"TH","Thailand","'2024-01-01","Spring"
"US","Unite States","'2023-08-01","Aug"
"TH","Thailand","'2024-08-01","Aug"
